{"small_fs": 44.16519069671631, "small_be": 46.49836707115173}